time	motionlevel
01232013153141318	0.00000325520841215621
01232013155613077	0.00000325520841215621
