time	motionlevel
01232013153141318	0.00100325520841215621
01232013153142318	0.00000325520841215621
01232013153143318	0.00001325520841215621
01232013153144318	0.01000325520841215621
01232013153145318	0.00200325520841215621
01232013153146318	0.00300325520841215621
01232013153148318	0.01000325520841215621
01232013153149318	0.00200325520841215621
01232013153150318	0.00030325520841215621
01232013153151318	0.00200325520841215621
01232013153152077	0.00010325520841215621
